"","extent","id","lgn.1","lgn.2","lgn.3","lgn.4","lgn.5","lat.1","lat.2","lat.3","lat.4","lat.5"
"361","Kent North Downs",568795,0.969173914439049,0.969173914439049,0.983485951409821,0.983485951409821,0.969173914439049,51.2070032865956,51.2159909877838,51.2159909877838,51.2070032865956,51.2070032865956
"523","Manchester",337220,-2.22006342843444,-2.22006342843444,-2.20499035569511,-2.20499035569511,-2.22006342843444,53.5009929077522,53.5099770255492,53.5099770255492,53.5009929077522,53.5009929077522
"524","Manchester",338262,-2.20498805792046,-2.20498805792046,-2.1899149756601,-2.1899149756601,-2.20498805792046,53.5010197420385,53.5100038597939,53.5100038597939,53.5010197420385,53.5010197420385
"525","Manchester",328883,-2.34073747178603,-2.34073747178603,-2.32566130958605,-2.32566130958605,-2.34073747178603,53.5096980328402,53.5186821371724,53.5186821371724,53.5096980328402,53.5096980328402
"529","Manchester",328882,-2.34080963866698,-2.34080963866698,-2.32573028483556,-2.32573028483556,-2.34080963866698,53.5186862574144,53.5276703478451,53.5276703478451,53.5186862574144,53.5186862574144
"533","Manchester",328881,-2.34088184447614,-2.34088184447614,-2.32579929729131,-2.32579929729131,-2.34088184447614,53.5276744683174,53.5366585448477,53.5366585448477,53.5276744683174,53.5276744683174
"536","Manchester",328880,-2.34095408924176,-2.34095408924176,-2.32586834698029,-2.32586834698029,-2.34095408924176,53.5366626655503,53.5456467281815,53.5456467281815,53.5366626655503,53.5366626655503
"625","Claife",287108,-2.9632897154247,-2.9632897154247,-2.94790373266251,-2.94790373266251,-2.9632897154247,54.3601745966876,54.36915739105,54.36915739105,54.3601745966876,54.3601745966876
"633","Cogra Moss",258952,-3.38532768497257,-3.38532768497257,-3.3698688925758,-3.3698688925758,-3.38532768497257,54.5537994666507,54.5627819643635,54.5627819643635,54.5537994666507,54.5537994666507
"636","Cogra Moss",258951,-3.38563233832635,-3.38563233832635,-3.37017014649247,-3.37017014649247,-3.38563233832635,54.5627836492729,54.571766133236,54.571766133236,54.5627836492729,54.5627836492729
"638","Cogra Moss",258950,-3.38593715967546,-3.38593715967546,-3.37047156653002,-3.37047156653002,-3.38593715967546,54.5717678173105,54.5807502875252,54.5807502875252,54.5717678173105,54.5717678173105
"673","Stonedown & Vernditch",351048,-2.02273345035513,-2.02273345035513,-2.00849564336362,-2.00849564336362,-2.02273345035513,50.9659181011616,50.9749061825566,50.9749061825566,50.9659181011616,50.9659181011616
"675","Stonedown & Vernditch",352089,-2.00849480301132,-2.00849480301132,-1.99425424509889,-1.99425424509889,-2.00849480301132,50.9749123196682,50.9839003868679,50.9839003868679,50.9749123196682,50.9749123196682
"676","Stonedown & Vernditch",356257,-1.95152245387553,-1.95152245387553,-1.93728189890623,-1.93728189890623,-1.95152245387553,50.9749026994869,50.9838907667018,50.9838907667018,50.9749026994869,50.9749026994869
"679","Stonedown & Vernditch",355214,-1.96575897579853,-1.96575897579853,-1.95151566755598,-1.95151566755598,-1.96575897579853,50.9838999767055,50.9928880297211,50.9928880297211,50.9838999767055,50.9838999767055
"680","Stonedown & Vernditch",356256,-1.95151314083586,-1.95151314083586,-1.93726983412729,-1.93726983412729,-1.95151314083586,50.9838949651856,50.9928830182092,50.9928830182092,50.9838949651856,50.9838949651856
"681","Stonedown & Vernditch",357298,-1.93726731065916,-1.93726731065916,-1.92302400601629,-1.92302400601629,-1.93726731065916,50.9838882165297,50.9928762695639,50.9928762695639,50.9838882165297,50.9838882165297
"682","Stonedown & Vernditch",355213,-1.96575241070829,-1.96575241070829,-1.95150634931149,-1.95150634931149,-1.96575241070829,50.9928922300675,51.0018802688926,51.0018802688926,50.9928922300675,50.9928922300675
"683","Stonedown & Vernditch",356255,-1.95150382301034,-1.95150382301034,-1.9372577631488,-1.9372577631488,-1.95150382301034,50.9928872169483,51.0018752557813,51.0018752557813,50.9928872169483,50.9928872169483
"775","West Harting Down",429201,-0.955405527930288,-0.955405527930288,-0.941177388224996,-0.941177388224996,-0.955405527930288,50.9342738246029,50.9432619559474,50.9432619559474,50.9342738246029,50.9342738246029
"776","West Harting Down",430243,-0.9411772732423,-0.9411772732423,-0.926949172640926,-0.926949172640926,-0.9411772732423,50.9341457078584,50.9431338394051,50.9431338394051,50.9341457078584,50.9341457078584
"777","West Harting Down",429200,-0.955204098763137,-0.955204098763137,-0.94097321414978,-0.94097321414978,-0.955204098763137,50.9432646607518,50.9522527779035,50.9522527779035,50.9432646607518,50.9432646607518
"778","West Harting Down",430242,-0.940973100983586,-0.940973100983586,-0.926742255506745,-0.926742255506745,-0.940973100983586,50.9431365031745,50.9521246205285,50.9521246205285,50.9431365031745,50.9431365031745
"779","West Harting Down",431284,-0.926742207990166,-0.926742207990166,-0.912511402179016,-0.912511402179016,-0.926742207990166,50.9430066117921,50.9519947293512,50.9519947293512,50.9430066117921,50.9430066117921
"780","West Harting Down",432326,-0.912511421189897,-0.912511421189897,-0.898280655573589,-0.898280655573589,-0.912511421189897,50.9428749866351,50.9518631044019,50.9518631044019,50.9428749866351,50.9428749866351
"781","West Harting Down",430241,-0.940768823938846,-0.940768823938846,-0.926535232177829,-0.926535232177829,-0.940768823938846,50.9521272839646,50.9611153871267,50.9611153871267,50.9521272839646,50.9521272839646
"782","West Harting Down",431283,-0.926535186517411,-0.926535186517411,-0.912301634455157,-0.912301634455157,-0.926535186517411,50.9519973511814,50.9609854545486,50.9609854545486,50.9519973511814,50.9519973511814
"783","West Harting Down",432325,-0.912301655360709,-0.912301655360709,-0.89806814352681,-0.89806814352681,-0.912301655360709,50.9518656840711,50.9608537876462,50.9608537876462,50.9518656840711,50.9518656840711
"784","West Harting Down",431282,-0.926328058780032,-0.926328058780032,-0.912091759057044,-0.912091759057044,-0.926328058780032,50.9609880760292,50.9699761652054,50.9699761652054,50.9609880760292,50.9609880760292
"785","West Harting Down",432324,-0.912091781858996,-0.912091781858996,-0.897855522397909,-0.897855522397909,-0.912091781858996,50.9608563669496,50.9698444563337,50.9698444563337,50.9608563669496,50.9608563669496
"802","Hethfelton",336491,-2.22077704393924,-2.22077704393924,-2.20662386397049,-2.20662386397049,-2.22077704393924,50.6869431116601,50.6959316337542,50.6959316337542,50.6869431116601,50.6869431116601
"803","Hethfelton",337533,-2.20662141416192,-2.20662141416192,-2.19246822637403,-2.19246822637403,-2.20662141416192,50.6869690939354,50.6959576159884,50.6959576159884,50.6869690939354,50.6869690939354
"804","Hethfelton",338575,-2.19246576418469,-2.19246576418469,-2.17831256909495,-2.17831256909495,-2.19246576418469,50.6869933572758,50.6959818792905,50.6959818792905,50.6869933572758,50.6869933572758
"834","Hardknott",272518,-3.17919848464015,-3.17919848464015,-3.16380649608807,-3.16380649608807,-3.17919848464015,54.3762333152323,54.3852160849684,54.3852160849684,54.3762333152323,54.3762333152323
"836","Hardknott",271475,-3.19485048535421,-3.19485048535421,-3.17945519054479,-3.17945519054479,-3.19485048535421,54.3850670865949,54.3940498427859,54.3940498427859,54.3850670865949,54.3850670865949
"837","Hardknott",272517,-3.17945613119829,-3.17945613119829,-3.16406077970756,-3.16406077970756,-3.17945613119829,54.3852184879564,54.3942012439153,54.3942012439153,54.3852184879564,54.3852184879564
"838","Hardknott",271474,-3.19511163543203,-3.19511163543203,-3.17971297588642,-3.17971297588642,-3.19511163543203,54.3940521951637,54.4030349375789,54.4030349375789,54.3940521951637,54.3940521951637
"839","Hardknott",272516,-3.17971391929261,-3.17971391929261,-3.16431520301579,-3.16431520301579,-3.17971391929261,54.3942036463874,54.4031863885705,54.4031863885705,54.3942036463874,54.3942036463874
"1101","Grovely",356244,-1.9514010101368,-1.9514010101368,-1.93712457201572,-1.93712457201572,-1.9514010101368,51.0918010668453,51.1007889496393,51.1007889496393,51.0918010668453,51.0918010668453
"1102","Grovely",353117,-1.99423683672755,-1.99423683672755,-1.97995762537496,-1.97995762537496,-1.99423683672755,51.1008030154641,51.1097908840623,51.1097908840623,51.1008030154641,51.1008030154641
"1103","Grovely",354159,-1.97995510024248,-1.97995510024248,-1.96567588936556,-1.96567588936556,-1.97995510024248,51.1008014718159,51.1097893404166,51.1097893404166,51.1008014718159,51.1008014718159
"1104","Grovely",355201,-1.96567336573409,-1.96567336573409,-1.95139415587037,-1.95139415587037,-1.96567336573409,51.100798183812,51.1097860524179,51.1097860524179,51.100798183812,51.100798183812
"1105","Grovely",356243,-1.95139163462814,-1.95139163462814,-1.93711242631514,-1.93711242631514,-1.95139163462814,51.1007931514532,51.109781020067,51.109781020067,51.1007931514532,51.1007931514532
"1106","Grovely",357285,-1.93710990835038,-1.93710990835038,-1.92283070212563,-1.92283070212563,-1.93710990835038,51.1007863747407,51.1097742433651,51.1097742433651,51.1007863747407,51.1007863747407
"1200","Heckbarley and Crag",256873,-3.414685887754,-3.414685887754,-3.39924419930424,-3.39924419930424,-3.414685887754,54.5085209129541,54.5175034799829,54.5175034799829,54.5085209129541,54.5085209129541
"1201","Heckbarley and Crag",257915,-3.39924649530109,-3.39924649530109,-3.38380473906524,-3.38380473906524,-3.39924649530109,54.5087006092345,54.5176831759882,54.5176831759882,54.5087006092345,54.5087006092345
"1202","Heckbarley and Crag",258957,-3.38380693374222,-3.38380693374222,-3.36836511046297,-3.36836511046297,-3.38380693374222,54.5088783347468,54.5178609012283,54.5178609012283,54.5088783347468,54.5088783347468
"1213","Howgill & Messengermire",268316,-3.25006274302564,-3.25006274302564,-3.23455560781149,-3.23455560781149,-3.25006274302564,54.681097038829,54.6900793418452,54.6900793418452,54.681097038829,54.681097038829
"1216","Howgill & Messengermire",268315,-3.25033895544288,-3.25033895544288,-3.23482839390789,-3.23482839390789,-3.25033895544288,54.6900815197889,54.6990638090738,54.6990638090738,54.6900815197889,54.6900815197889
"1218","Matterdale",286040,-2.98427092048537,-2.98427092048537,-2.9687970249487,-2.9687970249487,-2.98427092048537,54.5936767727976,54.6026592094909,54.6026592094909,54.5936767727976,54.5936767727976
"1219","Matterdale",287082,-2.96879692622295,-2.96879692622295,-2.95332298333516,-2.95332298333516,-2.96879692622295,54.5938016416771,54.6027840781794,54.6027840781794,54.5938016416771,54.5938016416771
"1220","Matterdale",288124,-2.95332281425589,-2.95332281425589,-2.9378488247666,-2.9378488247666,-2.95332281425589,54.5939245328009,54.6029069691152,54.6029069691152,54.5939245328009,54.5939245328009
"1508","Broughton Moor",273565,-3.16253800936127,-3.16253800936127,-3.14716275218633,-3.14716275218633,-3.16253800936127,54.3314563813869,54.3404392197996,54.3404392197996,54.3314563813869,54.3314563813869
"1509","Broughton Moor",274607,-3.14716350844161,-3.14716350844161,-3.13178819634429,-3.13178819634429,-3.14716350844161,54.3316035671031,54.34058640529,54.34058640529,54.3316035671031,54.3316035671031
"1510","Broughton Moor",272522,-3.17816931166558,-3.17816931166558,-3.16279075642125,-3.16279075642125,-3.17816931166558,54.3402924813892,54.3492753062469,54.3492753062469,54.3402924813892,54.3402924813892
"1511","Broughton Moor",273564,-3.16279159877441,-3.16279159877441,-3.14741298782844,-3.14741298782844,-3.16279159877441,54.3404416746767,54.3494244993056,54.3494244993056,54.3404416746767,54.3404416746767
"1517","Purbeck",352126,-2.00843279386979,-2.00843279386979,-1.9942930652209,-1.9942930652209,-2.00843279386979,50.6421885701372,50.6511771630016,50.6511771630016,50.6421885701372,50.6421885701372
"1518","Purbeck",353168,-1.9942905185099,-1.9942905185099,-1.98015078980172,-1.98015078980172,-1.9942905185099,50.6421887676738,50.651177360538,50.651177360538,50.6421887676738,50.6421887676738
"1523","Purbeck",353167,-1.99428947938786,-1.99428947938786,-1.98014705058137,-1.98014705058137,-1.99428947938786,50.6511815527711,50.6601701314134,50.6601701314134,50.6511815527711,50.6511815527711
"1524","Purbeck",354209,-1.98014450486383,-1.98014450486383,-1.96600207651361,-1.96600207651361,-1.98014450486383,50.6511800335779,50.6601686122227,50.6601686122227,50.6511800335779,50.6511800335779
"1748","Queen Elizabeth Country Park",429201,-0.955405527930288,-0.955405527930288,-0.941177388224996,-0.941177388224996,-0.955405527930288,50.9342738246029,50.9432619559474,50.9432619559474,50.9342738246029,50.9342738246029
"1749","Queen Elizabeth Country Park",429200,-0.955204098763137,-0.955204098763137,-0.94097321414978,-0.94097321414978,-0.955204098763137,50.9432646607518,50.9522527779035,50.9522527779035,50.9432646607518,50.9432646607518
"1750","Queen Elizabeth Country Park",430242,-0.940973100983586,-0.940973100983586,-0.926742255506745,-0.926742255506745,-0.940973100983586,50.9431365031745,50.9521246205285,50.9521246205285,50.9431365031745,50.9431365031745
"1751","Queen Elizabeth Country Park",430241,-0.940768823938846,-0.940768823938846,-0.926535232177829,-0.926535232177829,-0.940768823938846,50.9521272839646,50.9611153871267,50.9611153871267,50.9521272839646,50.9521272839646
"1752","Queen Elizabeth Country Park",431282,-0.926328058780032,-0.926328058780032,-0.912091759057044,-0.912091759057044,-0.926328058780032,50.9609880760292,50.9699761652054,50.9699761652054,50.9609880760292,50.9609880760292
"1753","Queen Elizabeth Country Park",427116,-0.983666403052237,-0.983666403052237,-0.969435441753448,-0.969435441753448,-0.983666403052237,50.9435157743721,50.9525038911274,50.9525038911274,50.9435157743721,50.9435157743721
"1754","Queen Elizabeth Country Park",428158,-0.969435199921737,-0.969435199921737,-0.955204276701057,-0.955204276701057,-0.969435199921737,50.9433910844941,50.9523792014463,50.9523792014463,50.9433910844941,50.9433910844941
"1755","Queen Elizabeth Country Park",427115,-0.983470359711551,-0.983470359711551,-0.969236652032016,-0.969236652032016,-0.983470359711551,50.9525066760502,50.9614947786135,50.9614947786135,50.9525066760502,50.9525066760502
"1756","Queen Elizabeth Country Park",428157,-0.96923641194398,-0.96923641194398,-0.955002742374302,-0.955002742374302,-0.96923641194398,50.9523819464287,50.9613700491888,50.9613700491888,50.9523819464287,50.9523819464287
"1757","Queen Elizabeth Country Park",429199,-0.955002566217045,-0.955002566217045,-0.940768935286881,-0.940768935286881,-0.955002566217045,50.9522554823903,50.9612435853501,50.9612435853501,50.9522554823903,50.9522554823903
"1758","Queen Elizabeth Country Park",427114,-0.983274215738495,-0.983274215738495,-0.969037760268461,-0.969037760268461,-0.983274215738495,50.9614975632493,50.9704856516214,50.9704856516214,50.9614975632493,50.9614975632493
"1759","Queen Elizabeth Country Park",428156,-0.969037521925691,-0.969037521925691,-0.954801104597294,-0.954801104597294,-0.969037521925691,50.9613727938689,50.9703608824379,50.9703608824379,50.9613727938689,50.9613727938689
"1760","Queen Elizabeth Country Park",429198,-0.954800930222327,-0.954800930222327,-0.940564551565664,-0.940564551565664,-0.954800930222327,50.961246289519,50.9702343782876,50.9702343782876,50.961246289519,50.961246289519
"1761","Queen Elizabeth Country Park",430240,-0.940564442037448,-0.940564442037448,-0.926328102582595,-0.926328102582595,-0.940564442037448,50.9611180502291,50.9701061392001,50.9701061392001,50.9611180502291,50.9611180502291
"1762","Queen Elizabeth Country Park",427113,-0.983077971065215,-0.983077971065215,-0.968838766393979,-0.968838766393979,-0.983077971065215,50.97048843597,50.9794765101517,50.9794765101517,50.97048843597,50.97048843597
"1763","Queen Elizabeth Country Park",428155,-0.968838529798072,-0.968838529798072,-0.954599363300282,-0.954599363300282,-0.968838529798072,50.9703636268153,50.979351701194,50.979351701194,50.9703636268153,50.9703636268153
"1764","Queen Elizabeth Country Park",429197,-0.954599190709233,-0.954599190709233,-0.940360062915429,-0.940360062915429,-0.954599190709233,50.9702370821384,50.9792251567168,50.9792251567168,50.9702370821384,50.9702370821384
"1765","Queen Elizabeth Country Park",430239,-0.940359955208693,-0.940359955208693,-0.926120866649393,-0.926120866649393,-0.940359955208693,50.9701088019687,50.9790968767495,50.9790968767495,50.9701088019687,50.9701088019687
"1766","Queen Elizabeth Country Park",431281,-0.926120824706381,-0.926120824706381,-0.911881775912082,-0.911881775912082,-0.926120824706381,50.9699787863361,50.9789668613222,50.9789668613222,50.9699787863361,50.9699787863361
"1767","Queen Elizabeth Country Park",428154,-0.968639435492256,-0.968639435492256,-0.954397518413449,-0.954397518413449,-0.968639435492256,50.9793544452686,50.9883425054578,50.9883425054578,50.9793544452686,50.9793544452686
"1795","Micheldever",414600,-1.15248551137304,-1.15248551137304,-1.13822108041961,-1.13822108041961,-1.15248551137304,51.0527718829202,51.0617598272717,51.0617598272717,51.0527718829202,51.0527718829202
"1796","Micheldever",406258,-1.26575810902124,-1.26575810902124,-1.25147683615856,-1.25147683615856,-1.26575810902124,51.1074916931185,51.1164795511695,51.1164795511695,51.1074916931185,51.1074916931185
"1797","Micheldever",407300,-1.25147552102411,-1.25147552102411,-1.23719427606738,-1.23719427606738,-1.25147552102411,51.1074011679535,51.1163890261472,51.1163890261472,51.1074011679535,51.1074011679535
"1798","Micheldever",408342,-1.23719300774663,-1.23719300774663,-1.22291179123342,-1.22291179123342,-1.23719300774663,51.1073088984374,51.1162967567766,51.1162967567766,51.1073088984374,51.1073088984374
"1799","Micheldever",406257,-1.26561565965472,-1.26561565965472,-1.25133161433781,-1.25133161433781,-1.26561565965472,51.1164830178267,51.1254708617002,51.1254708617002,51.1164830178267,51.1164830178267
"1800","Micheldever",407299,-1.25133030033234,-1.25133030033234,-1.2370462829447,-1.2370462829447,-1.25133030033234,51.1163924637703,51.1253803077865,51.1253803077865,51.1163924637703,51.1163924637703
"1801","Micheldever",406256,-1.26547313694453,-1.26547313694453,-1.25118631774585,-1.25118631774585,-1.26547313694453,51.1254743283309,51.1344621580276,51.1344621580276,51.1254743283309,51.1254743283309
"1802","Micheldever",407298,-1.25118500487042,-1.25118500487042,-1.23689821362436,-1.23689821362436,-1.25118500487042,51.1253837453717,51.1343715752113,51.1343715752113,51.1253837453717,51.1253837453717
"1803","Micheldever",408340,-1.23689694761723,-1.23689694761723,-1.22261018486227,-1.22261018486227,-1.23689694761723,51.1252914169482,51.1342792469334,51.1342792469334,51.1252914169482,51.1252914169482
"1804","Micheldever",406255,-1.26533054084097,-1.26533054084097,-1.25104094633204,-1.25104094633204,-1.26533054084097,51.1344656246317,51.1434534401527,51.1434534401527,51.1344656246317,51.1344656246317
"1805","Micheldever",407297,-1.25103963458769,-1.25103963458769,-1.23675006805474,-1.23675006805474,-1.25103963458769,51.1343750127588,51.1433628284226,51.1433628284226,51.1343750127588,51.1343750127588
"1806","Micheldever",408339,-1.23674880320602,-1.23674880320602,-1.22245926518798,-1.22245926518798,-1.23674880320602,51.1342826548645,51.1432704706739,51.1432704706739,51.1342826548645,51.1342826548645
"1809","Micheldever",409380,-1.22230705190812,-1.22230705190812,-1.2080147662757,-1.2080147662757,-1.22230705190812,51.1431797446221,51.1521675464051,51.1521675464051,51.1431797446221,51.1431797446221
"2156","Plym",198977,-4.07672425596226,-4.07672425596226,-4.06265707677235,-4.06265707677235,-4.07672425596226,50.3988217267522,50.4078107047857,50.4078107047857,50.3988217267522,50.3988217267522
"2158","Plym",197934,-4.09118028475215,-4.09118028475215,-4.07711051884728,-4.07711051884728,-4.09118028475215,50.4075569152611,50.4165458794601,50.4165458794601,50.4075569152611,50.4075569152611
"2159","Plym",198976,-4.07711724626081,-4.07711724626081,-4.06304740569573,-4.06304740569573,-4.07711724626081,50.4078089743073,50.4167979381071,50.4167979381071,50.4078089743073,50.4078089743073
"2184","Savernake & Bedwyn",379138,-1.6351425238104,-1.6351425238104,-1.620782529886,-1.620782529886,-1.6351425238104,51.3610003878896,51.369987846536,51.369987846536,51.3610003878896,51.3610003878896
"2185","Savernake & Bedwyn",380180,-1.62078032637813,-1.62078032637813,-1.60642034670842,-1.60642034670842,-1.62078032637813,51.3609548163274,51.3699422750456,51.3699422750456,51.3609548163274,51.3609548163274
"2186","Savernake & Bedwyn",373927,-1.70689669470203,-1.70689669470203,-1.69253382445626,-1.69253382445626,-1.70689669470203,51.370193392264,51.3791808364398,51.3791808364398,51.370193392264,51.370193392264
"2187","Savernake & Bedwyn",374969,-1.69253151449135,-1.69253151449135,-1.6781686557567,-1.6781686557567,-1.69253151449135,51.3701566113141,51.3791440555477,51.3791440555477,51.3701566113141,51.3701566113141
"2188","Savernake & Bedwyn",376011,-1.67816636539905,-1.67816636539905,-1.66380351872665,-1.66380351872665,-1.67816636539905,51.3701180693078,51.3791055136021,51.3791055136021,51.3701180693078,51.3701180693078
"2189","Savernake & Bedwyn",379137,-1.63507111938142,-1.63507111938142,-1.6207083122024,-1.6207083122024,-1.63507111938142,51.3699918770441,51.378979321537,51.378979321537,51.3699918770441,51.3699918770441
"2190","Savernake & Bedwyn",380179,-1.62070610931149,-1.62070610931149,-1.60634331639913,-1.60634331639913,-1.62070610931149,51.3699462909077,51.3789337354725,51.3789337354725,51.3699462909077,51.3699462909077
"2195","Savernake & Bedwyn",378094,-1.64936753914014,-1.64936753914014,-1.63500190352404,-1.63500190352404,-1.64936753914014,51.3790271913719,51.3880146216433,51.3880146216433,51.3790271913719,51.3790271913719
"2196","Savernake & Bedwyn",379136,-1.63499967801467,-1.63499967801467,-1.62063405612564,-1.62063405612564,-1.63499967801467,51.3789833522364,51.3879707825768,51.3879707825768,51.3789833522364,51.3789833522364
"2197","Savernake & Bedwyn",380178,-1.62063185385227,-1.62063185385227,-1.60626624624187,-1.60626624624187,-1.62063185385227,51.3789377515203,51.3879251819325,51.3879251819325,51.3789377515203,51.3789377515203
"2198","Savernake & Bedwyn",381220,-1.60626406810876,-1.60626406810876,-1.59189847532853,-1.59189847532853,-1.60626406810876,51.3788903892345,51.3878778197212,51.3878778197212,51.3788903892345,51.3788903892345
"2205","Savernake & Bedwyn",380177,-1.62055755997427,-1.62055755997427,-1.60618913620944,-1.60618913620944,-1.62055755997427,51.387929198166,51.3969166144265,51.3969166144265,51.387929198166,51.387929198166
"2206","Savernake & Bedwyn",381219,-1.6061869587087,-1.6061869587087,-1.59181854978649,-1.59181854978649,-1.6061869587087,51.3878818207314,51.3968692370665,51.3968692370665,51.3878818207314,51.3878818207314
"2250","Uddens & Cannon Hill",359401,-1.90910790650042,-1.90910790650042,-1.89491664985031,-1.89491664985031,-1.90910790650042,50.8130142290981,50.8220025519408,50.8220025519408,50.8130142290981,50.8130142290981
"2253","Uddens & Cannon Hill",358358,-1.92328700905107,-1.92328700905107,-1.90909302286966,-1.90909302286966,-1.92328700905107,50.8220169021848,50.831005210805,50.831005210805,50.8220169021848,50.8220169021848
"2254","Uddens & Cannon Hill",359400,-1.90909050094519,-1.90909050094519,-1.89489651784634,-1.89489651784634,-1.90909050094519,50.8220067377478,50.8309950463842,50.8309950463842,50.8220067377478,50.8220067377478
"2309","West Wood",394802,-1.42354166264956,-1.42354166264956,-1.40927672446373,-1.40927672446373,-1.42354166264956,51.0544224062676,51.0634103480154,51.0634103480154,51.0544224062676,51.0544224062676
"2310","West Wood",395844,-1.4092749478276,-1.4092749478276,-1.39501003152353,-1.39501003152353,-1.4092749478276,51.0543512067015,51.0633391485617,51.0633391485617,51.0543512067015,51.0543512067015
"2311","West Wood",396886,-1.39500829180305,-1.39500829180305,-1.38074339791579,-1.38074339791579,-1.39500829180305,51.054278265909,51.0632662078842,51.0632662078842,51.054278265909,51.054278265909
"2312","West Wood",394801,-1.4234300460034,-1.4234300460034,-1.40916234368266,-1.40916234368266,-1.4234300460034,51.0634140966351,51.0724020241999,51.0724020241999,51.0634140966351,51.0634140966351
"2313","West Wood",395843,-1.40916056790465,-1.40916056790465,-1.39489288748395,-1.39489288748395,-1.40916056790465,51.0633428743535,51.0723308020306,51.0723308020306,51.0633428743535,51.0633428743535
"2314","West Wood",396885,-1.39489114864308,-1.39489114864308,-1.3806234906579,-1.3806234906579,-1.39489114864308,51.0632699102899,51.0722578380822,51.0722578380822,51.0632699102899,51.0632699102899
"2315","West Wood",397927,-1.3806217896398,-1.3806217896398,-1.36635415462563,-1.36635415462563,-1.3806217896398,51.0631952044616,51.0721831323717,51.0721831323717,51.0631952044616,51.0631952044616
"2316","West Wood",394800,-1.42331837194133,-1.42331837194133,-1.40904790406373,-1.40904790406373,-1.42331837194133,51.072405772902,51.0813936862846,51.0813936862846,51.072405772902,51.072405772902
"2317","West Wood",395842,-1.40904612914464,-1.40904612914464,-1.39477568318536,-1.39477568318536,-1.40904612914464,51.072334527896,51.0813224413909,51.0813224413909,51.072334527896,51.072334527896
"2318","West Wood",396884,-1.39477394522491,-1.39477394522491,-1.3805035217199,-1.3805035217199,-1.39477394522491,51.0722615405524,51.0812494541625,51.0812494541625,51.0722615405524,51.0722615405524
"2608","Puddletown Forest",323983,-2.39094171078758,-2.39094171078758,-2.37677782933638,-2.37677782933638,-2.39094171078758,50.7224671928669,50.7314556588006,50.7314556588006,50.7224671928669,50.7224671928669
"2609","Puddletown Forest",325025,-2.37677559787946,-2.37677559787946,-2.36261170235538,-2.36261170235538,-2.37677559787946,50.7225138611286,50.7315023269885,50.7315023269885,50.7225138611286,50.7225138611286
"2610","Puddletown Forest",326067,-2.36260944808744,-2.36260944808744,-2.34844553900942,-2.34844553900942,-2.36260944808744,50.722558808365,50.7315472741539,50.7315472741539,50.722558808365,50.722558808365
"2612","Puddletown Forest",325024,-2.37684777874858,-2.37684777874858,-2.36268117083485,-2.36268117083485,-2.37684777874858,50.7315063265828,50.7404947782283,50.7404947782283,50.7315063265828,50.7315063265828
"2613","Puddletown Forest",326066,-2.36267891713566,-2.36267891713566,-2.34851229565672,-2.34851229565672,-2.36267891713566,50.7315512881234,50.7405397396979,50.7405397396979,50.7315512881234,50.7315512881234
"2651","Havant & Queens Inclosure",425039,-1.01346025333214,-1.01346025333214,-0.99924840317023,-0.99924840317023,-1.01346025333214,50.8808226912336,50.8898109069722,50.8898109069722,50.8808226912336,50.8808226912336
"2658","Havant & Queens Inclosure",428164,-0.970625788782019,-0.970625788782019,-0.956411314104276,-0.956411314104276,-0.970625788782019,50.8894456084732,50.8984338105951,50.8984338105951,50.8894456084732,50.8894456084732
"2660","Havant & Queens Inclosure",427121,-0.984645112640569,-0.984645112640569,-0.970427862132431,-0.970427862132431,-0.984645112640569,50.8985610487744,50.9075492365027,50.9075492365027,50.8985610487744,50.8985610487744
"2661","Havant & Queens Inclosure",428163,-0.970427611606173,-0.970427611606173,-0.956210399017853,-0.956210399017853,-0.970427611606173,50.898436557386,50.9074247453108,50.9074247453108,50.898436557386,50.898436557386
"2892","Black Wood",408336,-1.2363039119662,-1.2363039119662,-1.22200603957854,-1.22200603957854,-1.2363039119662,51.161256283266,51.1702440565534,51.1702440565534,51.161256283266,51.161256283266
"2894","Black Wood",407293,-1.25045740423395,-1.25045740423395,-1.23615672224932,-1.23615672224932,-1.25045740423395,51.1703399401783,51.1793276991478,51.1793276991478,51.1703399401783,51.1703399401783
"2895","Black Wood",408335,-1.23615546204498,-1.23615546204498,-1.22185480867076,-1.22185480867076,-1.23615546204498,51.1702474642867,51.1792352234019,51.1792352234019,51.1702474642867,51.1702474642867
"2896","Black Wood",409377,-1.22185359636315,-1.22185359636315,-1.20755297214005,-1.20755297214005,-1.22185359636315,51.1701532401652,51.1791409994289,51.1791409994289,51.1701532401652,51.1701532401652
"2897","Black Wood",410419,-1.20755180862066,-1.20755180862066,-1.19325121408938,-1.19325121408938,-1.20755180862066,51.1700572678359,51.1790450272509,51.1790450272509,51.1700572678359,51.1700572678359
"2898","Black Wood",407292,-1.25031165908572,-1.25031165908572,-1.23600819465728,-1.23600819465728,-1.25031165908572,51.179331136505,51.1883188813031,51.1883188813031,51.179331136505,51.179331136505
"2899","Black Wood",408334,-1.23600693561673,-1.23600693561673,-1.22170349982264,-1.22170349982264,-1.23600693561673,51.1792386310855,51.1882263760294,51.1882263760294,51.1792386310855,51.1792386310855
"2900","Black Wood",409376,-1.22170228870679,-1.22170228870679,-1.2073988820882,-1.2073988820882,-1.22170228870679,51.1791443768781,51.1881321219705,51.1881321219705,51.1791443768781,51.1791443768781
"2901","Black Wood",410418,-1.20739771978907,-1.20739771978907,-1.19309434288714,-1.19309434288714,-1.20739771978907,51.1790483739048,51.1880361191485,51.1880361191485,51.1790483739048,51.1790483739048
"2902","Black Wood",407291,-1.25016583881177,-1.25016583881177,-1.23585959050523,-1.23585959050523,-1.25016583881177,51.188322318622,51.1973100492495,51.1973100492495,51.188322318622,51.188322318622
"2903","Black Wood",408333,-1.23585833262954,-1.23585833262954,-1.2215521129813,-1.2215521129813,-1.23585833262954,51.1882297836632,51.1972175144366,51.1972175144366,51.1882297836632,51.1882297836632
"2904","Black Wood",409374,-1.22139943936482,-1.22139943936482,-1.20709046365153,-1.20709046365153,-1.22139943936482,51.1971266076062,51.2061143243586,51.2061143243586,51.1971266076062,51.1971266076062
"2905","Milton Abbas & Whatcombe",331268,-2.29228241161899,-2.29228241161899,-2.27809398047997,-2.27809398047997,-2.29228241161899,50.8036901122463,50.8126784498202,50.8126784498202,50.8036901122463,50.8036901122463
"2906","Milton Abbas & Whatcombe",333352,-2.26390078518384,-2.26390078518384,-2.24971233353058,-2.24971233353058,-2.26390078518384,50.8037578266014,50.8127461640682,50.8127461640682,50.8037578266014,50.8037578266014
"2907","Milton Abbas & Whatcombe",334394,-2.24970993233846,-2.24970993233846,-2.23552147121242,-2.23552147121242,-2.24970993233846,50.8037890947304,50.8127774321479,50.8127774321479,50.8037890947304,50.8037890947304
"2909","Milton Abbas & Whatcombe",331267,-2.29233857921288,-2.29233857921288,-2.27814742310443,-2.27814742310443,-2.29233857921288,50.8126825292882,50.821670852655,50.821670852655,50.8126825292882,50.8126825292882
"2910","Milton Abbas & Whatcombe",332309,-2.27814505520523,-2.27814505520523,-2.26395388856947,-2.26395388856947,-2.27814505520523,50.8127172605349,50.8217055838468,50.8217055838468,50.8127172605349,50.8127172605349
"2911","Milton Abbas & Whatcombe",333351,-2.2639515038312,-2.2639515038312,-2.24976032719144,-2.24976032719144,-2.2639515038312,50.8127502652048,50.8217385884646,50.8217385884646,50.8127502652048,50.8127502652048
"2912","Milton Abbas & Whatcombe",334393,-2.24975792648595,-2.24975792648595,-2.23556674036552,-2.23556674036552,-2.24975792648595,50.8127815432902,50.8217698665005,50.8217698665005,50.8127815432902,50.8127815432902
"2913","Milton Abbas & Whatcombe",330224,-2.30659099665443,-2.30659099665443,-2.29239712524075,-2.29239712524075,-2.30659099665443,50.821638462907,50.8306267721251,50.8306267721251,50.821638462907,50.821638462907
"2914","Milton Abbas & Whatcombe",331266,-2.29239477556842,-2.29239477556842,-2.27820089309492,-2.27820089309492,-2.29239477556842,50.8216749323322,50.8306632414927,50.8306632414927,50.8216749323322,50.8216749323322
"2916","Milton Abbas & Whatcombe",333350,-2.26400224844989,-2.26400224844989,-2.24980834542798,-2.24980834542798,-2.26400224844989,50.8217426898187,50.8307309988722,50.8307309988722,50.8217426898187,50.8217426898187
"2917","Milton Abbas & Whatcombe",334392,-2.24980594520957,-2.24980594520957,-2.2356120326991,-2.2356120326991,-2.24980594520957,50.8217739778642,50.8307622868683,50.8307622868683,50.8217739778642,50.8217739778642
"2918","Milton Abbas & Whatcombe",331265,-2.29245100070495,-2.29245100070495,-2.27825439046981,-2.27825439046981,-2.29245100070495,50.8306673213794,50.8396556163345,50.8396556163345,50.8306673213794,50.8306673213794
"2920","Milton Abbas & Whatcombe",333349,-2.26405301905735,-2.26405301905735,-2.24985638825671,-2.24985638825671,-2.26405301905735,50.830735100444,50.839723395292,50.839723395292,50.830735100444,50.830735100444
"2921","Milton Abbas & Whatcombe",334391,-2.24985398852583,-2.24985398852583,-2.23565734822874,-2.23565734822874,-2.24985398852583,50.8307663984535,50.839754693252,50.839754693252,50.8307663984535,50.8307663984535
"2944","Dodd",271447,-3.20221727811624,-3.20221727811624,-3.18672706732402,-3.18672706732402,-3.20221727811624,54.6366447186312,54.6456270896051,54.6456270896051,54.6366447186312,54.6366447186312
"2946","Dodd",273531,-3.17123874957427,-3.17123874957427,-3.15574842333727,-3.15574842333727,-3.17123874957427,54.6369483496721,54.6459307201817,54.6459307201817,54.6369483496721,54.6369483496721
"2948","Dodd",272488,-3.18698988039201,-3.18698988039201,-3.17149619442333,-3.17149619442333,-3.18698988039201,54.6457822829805,54.6547646399825,54.6547646399825,54.6457822829805,54.6457822829805
"2949","Dodd",273530,-3.17149712955389,-3.17149712955389,-3.15600338618833,-3.15600338618833,-3.17149712955389,54.645933158071,54.6549155148422,54.6549155148422,54.645933158071,54.645933158071
"2950","Dodd",272487,-3.18725181931099,-3.18725181931099,-3.17175471437658,-3.17175471437658,-3.18725181931099,54.6547670272883,54.6637493705533,54.6637493705533,54.6547670272883,54.6547670272883
"3541","Mitredale",264178,-3.30346135852657,-3.30346135852657,-3.28805638238621,-3.28805638238621,-3.30346135852657,54.4109065166432,54.4198892332213,54.4198892332213,54.4109065166432,54.4109065166432
"3542","Mitredale",265220,-3.28805795760703,-3.28805795760703,-3.272652919484,-3.272652919484,-3.28805795760703,54.4110718162687,54.4200545325934,54.4200545325934,54.4110718162687,54.4110718162687
"3603","Wardour",343748,-2.12255800493753,-2.12255800493753,-2.10830369386702,-2.10830369386702,-2.12255800493753,51.0198093063359,51.0287973026887,51.0287973026887,51.0198093063359,51.0198093063359
"3604","Wardour",344790,-2.1083011912857,-2.1083011912857,-2.09404687588583,-2.09404687588583,-2.1083011912857,51.0198234212863,51.0288114176168,51.0288114176168,51.0198234212863,51.0198234212863
"3605","Wardour",345832,-2.0940443668446,-2.0940443668446,-2.07979004764886,-2.07979004764886,-2.0940443668446,51.019835796893,51.028823793204,51.028823793204,51.019835796893,51.019835796893
"3608","Wardour",345831,-2.09406261381105,-2.09406261381105,-2.07980553580524,-2.07980553580524,-2.09406261381105,51.028827983974,51.037815966098,51.037815966098,51.028827983974,51.028827983974
"3818","Robin & Repton",389396,-1.47470187975437,-1.47470187975437,-1.45986663300723,-1.45986663300723,-1.47470187975437,52.8168767227954,52.8258619021312,52.8258619021312,52.8168767227954,52.8168767227954
"3819","Robin & Repton",390438,-1.45986484839813,-1.45986484839813,-1.4450296243197,-1.4450296243197,-1.45986484839813,52.8168101676157,52.8257953470551,52.8257953470551,52.8168101676157,52.8168101676157
"3821","Robin & Repton",389395,-1.47459352759795,-1.47459352759795,-1.45975521835248,-1.45975521835248,-1.47459352759795,52.8258657813606,52.8348509467062,52.8348509467062,52.8258657813606,52.8258657813606
"3822","Robin & Repton",390437,-1.45975343465874,-1.45975343465874,-1.44491514810143,-1.44491514810143,-1.45975343465874,52.8257992046239,52.8347843700731,52.8347843700731,52.8257992046239,52.8257992046239
"3884","Ennerdale",268339,-3.24375175344335,-3.24375175344335,-3.22832290390407,-3.22832290390407,-3.24375175344335,54.4744500130609,54.4834326322701,54.4834326322701,54.4744500130609,54.4744500130609
"3953","Ampfield Windmills",395848,-1.40973187994351,-1.40973187994351,-1.39547800590573,-1.39547800590573,-1.40973187994351,51.018384394982,51.027372393583,51.027372393583,51.018384394982,51.018384394982
"3954","Horrocks Hill",320537,-2.46234171944858,-2.46234171944858,-2.44723370828695,-2.44723370828695,-2.46234171944858,53.5991734297,53.6081573956991,53.6081573956991,53.5991734297,53.5991734297
"3996","St Helens and Halton",307018,-2.65501593943908,-2.65501593943908,-2.63999423530197,-2.63999423530197,-2.65501593943908,53.3555809798608,53.3645653227388,53.3645653227388,53.3555809798608,53.3555809798608
"4007","St Helens and Halton",301801,-2.73120827852172,-2.73120827852172,-2.71616455788979,-2.71616455788979,-2.73120827852172,53.4180598580974,53.4270441042277,53.4270441042277,53.4180598580974,53.4180598580974
"4023","South Downs",512579,0.174874897737428,0.174874897737428,0.189049143283297,0.189049143283297,0.174874897737428,50.7568028431137,50.7657912547775,50.7657912547775,50.7568028431137,50.7568028431137
"4024","South Downs",513621,0.189041356673311,0.189041356673311,0.203215522114328,0.203215522114328,0.189041356673311,50.7565377180665,50.7655261301493,50.7655261301493,50.7565377180665,50.7565377180665
"4025","South Downs",510494,0.146952641659105,0.146952641659105,0.161129761773997,0.161129761773997,0.146952641659105,50.766314223199,50.7753026198315,50.7753026198315,50.766314223199,50.766314223199
"4026","South Downs",511536,0.161122234804162,0.161122234804162,0.175299275785336,0.175299275785336,0.161122234804162,50.7660524544751,50.7750408515212,50.7750408515212,50.7660524544751,50.7660524544751
"4027","South Downs",512578,0.175291616254826,0.175291616254826,0.189468577583404,0.189468577583404,0.175291616254826,50.7657889653871,50.7747773628496,50.7747773628496,50.7657889653871,50.7657889653871
"4028","South Downs",513620,0.189460784628615,0.189460784628615,0.203637665785759,0.203637665785759,0.189460784628615,50.765523755996,50.7745121538776,50.7745121538776,50.765523755996,50.765523755996
"4029","South Downs",514662,0.20362973854318,0.20362973854318,0.217806539010096,0.217806539010096,0.20362973854318,50.7652568263634,50.7742452246668,50.7742452246668,50.7652568263634,50.7652568263634
"4030","South Downs",510493,0.147364151185304,0.147364151185304,0.161543988602954,0.161543988602954,0.147364151185304,50.775300496167,50.7842888785988,50.7842888785988,50.775300496167,50.775300496167
"4031","South Downs",511535,0.16153645543528,0.16153645543528,0.175716213653429,0.175716213653429,0.16153645543528,50.7750386441598,50.7840270270053,50.7840270270053,50.7750386441598,50.7750386441598
"4032","South Downs",512577,0.175708547848991,0.175708547848991,0.189888226348329,0.189888226348329,0.175708547848991,50.7747750712422,50.7837634545042,50.7837634545042,50.7747750712422,50.7747750712422
"4033","South Downs",513619,0.189880427043036,0.189880427043036,0.204060025304295,0.204060025304295,0.189880427043036,50.7745097774751,50.7834981611564,50.7834981611564,50.7745097774751,50.7745097774751
"4034","South Downs",514661,0.20405209163414,0.20405209163414,0.218231609138095,0.218231609138095,0.20405209163414,50.7742427629201,50.7832311470233,50.7832311470233,50.7742427629201,50.7742427629201
"4035","South Downs",510492,0.147775871164126,0.147775871164126,0.161958427273641,0.161958427273641,0.147775871164126,50.7842867527796,50.7932751210115,50.7932751210115,50.7842867527796,50.7842867527796
"4036","South Downs",511534,0.161950887902556,0.161950887902556,0.176133364746722,0.176133364746722,0.161950887902556,50.7840248174575,50.7930131861032,50.7930131861032,50.7840248174575,50.7840248174575
"4037","South Downs",512576,0.176125692662719,0.176125692662719,0.190308089721797,0.190308089721797,0.176125692662719,50.7837611606782,50.7927495297406,50.7927495297406,50.7837611606782,50.7837611606782
"4038","South Downs",513618,0.190300284060291,0.190300284060291,0.204482600814581,0.204482600814581,0.190300284060291,50.783495782503,50.7924841519847,50.7924841519847,50.783495782503,50.783495782503
"4039","South Downs",514660,0.204474660711073,0.204474660711073,0.21865689664092,0.21865689664092,0.204474660711073,50.7832286829933,50.792217052897,50.792217052897,50.7832286829933,50.7832286829933
"4040","South Downs",511533,0.162365532347991,0.162365532347991,0.176550729208149,0.176550729208149,0.162365532347991,50.7930109743672,50.801999328814,50.801999328814,50.7930109743672,50.7930109743672
"4041","South Downs",512575,0.176543050838935,0.176543050838935,0.190728167847663,0.190728167847663,0.176543050838935,50.7927472336944,50.8017355885579,50.8017355885579,50.7927472336944,50.7927472336944
"4042","South Downs",513617,0.190720355824229,0.190720355824229,0.204905392461398,0.204905392461398,0.190720355824229,50.7924817710788,50.8014701263617,50.8014701263617,50.7924817710788,50.7924817710788
"4173","North Reservoir",320361,-2.48048227011534,-2.48048227011534,-2.46478162539951,-2.46478162539951,-2.48048227011534,55.1808435536875,55.1898250949937,55.1898250949937,55.1808435536875,55.1808435536875
"4244","Chilterns",428096,-0.95691474853742,-0.95691474853742,-0.942510849445024,-0.942510849445024,-0.95691474853742,51.5007971382084,51.5097843769018,51.5097843769018,51.5007971382084,51.5007971382084
"4349","Chilterns",443695,-0.73312708417263,-0.73312708417263,-0.718635279847761,-0.718635279847761,-0.73312708417263,51.777338202649,51.7863250068849,51.7863250068849,51.777338202649,51.777338202649
"4355","Chilterns",444736,-0.718381752140827,-0.718381752140827,-0.703887117116573,-0.703887117116573,-0.718381752140827,51.7861699545147,51.79515674489,51.79515674489,51.7861699545147,51.7861699545147
"4356","Chilterns",445778,-0.703888320396372,-0.703888320396372,-0.689393736303084,-0.689393736303084,-0.703888320396372,51.7860110905046,51.7949978811292,51.7949978811292,51.7860110905046,51.7860110905046
"4537","Chawton Park & Bushey Leaze",425011,-1.00810684903487,-1.00810684903487,-0.993817840535957,-0.993817840535957,-1.00810684903487,51.1325674885852,51.1415553070987,51.1415553070987,51.1325674885852,51.1325674885852
"4538","Chawton Park & Bushey Leaze",425010,-1.00791422710536,-1.00791422710536,-0.993622442356645,-0.993622442356645,-1.00791422710536,51.141558164791,51.1505459691303,51.1505459691303,51.141558164791,51.141558164791
"4539","Chawton Park & Bushey Leaze",426052,-0.993622112493769,-0.993622112493769,-0.979330365450626,-0.979330365450626,-0.993622112493769,51.1414360892313,51.1504238937631,51.1504238937631,51.1414360892313,51.1414360892313
"4562","Hurn Sopley and Ramsdown",365659,-1.82414765705171,-1.82414765705171,-1.80997275914074,-1.80997275914074,-1.82414765705171,50.758961842998,50.7679502512497,50.7679502512497,50.758961842998,50.758961842998
"4563","Hurn Sopley and Ramsdown",366701,-1.809970293216,-1.809970293216,-1.79579540201497,-1.79579540201497,-1.809970293216,50.7589396378132,50.7679280461001,50.7679280461001,50.7589396378132,50.7589396378132
"4612","Whinlatter",267285,-3.2625026071213,-3.2625026071213,-3.24703309757214,-3.24703309757214,-3.2625026071213,54.5821063913216,54.5910888457171,54.5910888457171,54.5821063913216,54.5821063913216
"4613","Whinlatter",268327,-3.24703445504558,-3.24703445504558,-3.23156488471138,-3.23156488471138,-3.24703445504558,54.5822668006424,54.5912492547924,54.5912492547924,54.5822668006424,54.5822668006424
"4614","Whinlatter",266242,-3.278251950507,-3.278251950507,-3.26277909702739,-3.26277909702739,-3.278251950507,54.590928537976,54.5999109788738,54.5999109788738,54.590928537976,54.590928537976
"4615","Whinlatter",267284,-3.26278054933004,-3.26278054933004,-3.24730763426271,-3.24730763426271,-3.26278054933004,54.5910909772817,54.600073417931,54.600073417931,54.5910909772817,54.5910909772817
"4616","Whinlatter",268326,-3.24730899478461,-3.24730899478461,-3.23183601887851,-3.23183601887851,-3.24730899478461,54.591251439555,54.6002338799588,54.6002338799588,54.591251439555,54.591251439555
"4617","Whinlatter",269368,-3.23183728874678,-3.23183728874678,-3.21636425275094,-3.21636425275094,-3.23183728874678,54.5914099247531,54.6003923649144,54.6003923649144,54.5914099247531,54.5914099247531
"4618","Whinlatter",270410,-3.21636543309274,-3.21636543309274,-3.2008923377562,-3.2008923377562,-3.21636543309274,54.5915664328336,54.6005488727555,54.6005488727555,54.5915664328336,54.5915664328336
"4619","Whinlatter",266241,-3.27853345031524,-3.27853345031524,-3.26305718949273,-3.26305718949273,-3.27853345031524,54.5999130559214,54.6088954830744,54.6088954830744,54.5999130559214,54.5999130559214
"4620","Whinlatter",267283,-3.26305864490738,-3.26305864490738,-3.24758232244271,-3.24758232244271,-3.26305864490738,54.6000755488552,54.6090579757597,54.6090579757597,54.6000755488552,54.6000755488552
"4621","Whinlatter",268325,-3.24758368601615,-3.24758368601615,-3.23210730265896,-3.23210730265896,-3.24758368601615,54.6002360641043,54.6092184907632,54.6092184907632,54.6002360641043,54.6002360641043
"4622","Whinlatter",269367,-3.23210857551905,-3.23210857551905,-3.216632132019,-3.216632132019,-3.23210857551905,54.6003946016258,54.6093770280422,54.6093770280422,54.6003946016258,54.6003946016258
"4623","Whinlatter",270409,-3.21663331529366,-3.21663331529366,-3.20115681240047,-3.20115681240047,-3.21663331529366,54.6005511613774,54.6095335875543,54.6095335875543,54.6005511613774,54.6005511613774
"4624","Whinlatter",271451,-3.2011579072177,-3.2011579072177,-3.18568134568111,-3.18568134568111,-3.2011579072177,54.6007057433173,54.6096881692578,54.6096881692578,54.6007057433173,54.6007057433173
"4625","Whinlatter",266240,-3.27881510548432,-3.27881510548432,-3.26333543543842,-3.26333543543842,-3.27881510548432,54.6088975594574,54.6178799728671,54.6178799728671,54.6088975594574,54.6088975594574
"4626","Whinlatter",267282,-3.26333689396819,-3.26333689396819,-3.24785716222563,-3.24785716222563,-3.26333689396819,54.6090601060429,54.6180425192039,54.6180425192039,54.6090601060429,54.6090601060429
"4627","Whinlatter",268324,-3.24785852885369,-3.24785852885369,-3.23237873616478,-3.23237873616478,-3.24785852885369,54.609220674291,54.6182030872064,54.6182030872064,54.609220674291,54.609220674291
"4628","Whinlatter",269366,-3.23238001201971,-3.23238001201971,-3.21690015913479,-3.21690015913479,-3.23238001201971,54.6093792641589,54.6183616768318,54.6183616768318,54.6093792641589,54.6093792641589
"4629","Whinlatter",270408,-3.21690134534526,-3.21690134534526,-3.20142143301469,-3.20142143301469,-3.21690134534526,54.6095358756043,54.6185182880376,54.6185182880376,54.6095358756043,54.6095358756043
"4630","Whinlatter",271450,-3.20142253070945,-3.20142253070945,-3.18594255968365,-3.18594255968365,-3.20142253070945,54.6096905085854,54.6186729207822,54.6186729207822,54.6096905085854,54.6096905085854
"4631","Whinlatter",266239,-3.27909691613066,-3.27909691613066,-3.26361383497943,-3.26361383497943,-3.27909691613066,54.6178820485849,54.6268644482525,54.6268644482525,54.6178820485849,54.6178820485849
"4632","Whinlatter",267281,-3.26361529662747,-3.26361529662747,-3.24813215372506,-3.24813215372506,-3.26361529662747,54.6180446488455,54.6270270482645,54.6270270482645,54.6180446488455,54.6180446488455
"4633","Whinlatter",268323,-3.24813352341081,-3.24813352341081,-3.23265031950817,-3.23265031950817,-3.24813352341081,54.618205270116,54.6271876692892,54.6271876692892,54.618205270116,54.618205270116
"4634","Whinlatter",269365,-3.23265159836096,-3.23265159836096,-3.21716833420908,-3.21716833420908,-3.23265159836096,54.6183639123533,54.627346311284,54.627346311284,54.6183639123533,54.6183639123533
"4635","Whinlatter",270407,-3.21716952335833,-3.21716952335833,-3.20168619970826,-3.20168619970826,-3.21716952335833,54.6185205755152,54.6275029742063,54.6275029742063,54.6185205755152,54.6185205755152
"4636","Whinlatter",266238,-3.27937888237075,-3.27937888237075,-3.2638923882309,-3.2638923882309,-3.27937888237075,54.6268665233045,54.6358489092314,54.6358489092314,54.6268665233045,54.6268665233045
"4637","Whinlatter",267280,-3.26389385300036,-3.26389385300036,-3.24840729705471,-3.24840729705471,-3.26389385300036,54.6270291772639,54.6360115629421,54.6360115629421,54.6270291772639,54.6270291772639
"4638","Whinlatter",268322,-3.24840866980124,-3.24840866980124,-3.23292205280142,-3.23292205280142,-3.24840866980124,54.62718985158,54.6361722370125,54.6361722370125,54.62718985158,54.62718985158
"4639","Whinlatter",269364,-3.23292333465511,-3.23292333465511,-3.21743665735278,-3.21743665735278,-3.23292333465511,54.6273485462098,54.6363309313996,54.6363309313996,54.6273485462098,54.6273485462098
"5023","Wythop",268322,-3.24840866980124,-3.24840866980124,-3.23292205280142,-3.23292205280142,-3.24840866980124,54.62718985158,54.6361722370125,54.6361722370125,54.62718985158,54.62718985158
"5024","Wythop",269364,-3.23292333465511,-3.23292333465511,-3.21743665735278,-3.21743665735278,-3.23292333465511,54.6273485462098,54.6363309313996,54.6363309313996,54.6273485462098,54.6273485462098
"5025","Wythop",270406,-3.21743784944377,-3.21743784944377,-3.20195111259064,-3.20195111259064,-3.21743784944377,54.6275052611109,54.636487646061,54.636487646061,54.6275052611109,54.6275052611109
"5026","Wythop",268321,-3.2486839681388,-3.2486839681388,-3.23319393615696,-3.23319393615696,-3.2486839681388,54.6361744186839,54.6451567903769,54.6451567903769,54.6361744186839,54.6361744186839
"5027","Wythop",269363,-3.23319522101456,-3.23319522101456,-3.21770512867689,-3.21770512867689,-3.23319522101456,54.6363331657291,54.6453155371794,54.6453155371794,54.6363331657291,54.6363331657291
"5028","Wythop",270405,-3.2177063237126,-3.2177063237126,-3.20221617177145,-3.20221617177145,-3.2177063237126,54.6364899323922,54.6454723036028,54.6454723036028,54.6364899323922,54.6364899323922
"5029","Wythop",269362,-3.23346725755187,-3.23346725755187,-3.21797374829253,-3.21797374829253,-3.23346725755187,54.6453177709122,54.6543001286243,54.6543001286243,54.6453177709122,54.6453177709122
"5031","Wythop",268319,-3.24923502111119,-3.24923502111119,-3.23373815350513,-3.23373815350513,-3.24923502111119,54.6541435098144,54.6631258540326,54.6631258540326,54.6541435098144,54.6541435098144
"5032","Wythop",269361,-3.23373944437967,-3.23373944437967,-3.21824251631093,-3.21824251631093,-3.23373944437967,54.6543023617597,54.6632847057351,54.6632847057351,54.6543023617597,54.6543023617597
"5033","Wythop",268318,-3.24951077597427,-3.24951077597427,-3.23401048772316,-3.23401048772316,-3.24951077597427,54.6631280338426,54.6721103643255,54.6721103643255,54.6631280338426,54.6631280338426
"5034","Wythop",269360,-3.23401178161073,-3.23401178161073,-3.21851143284345,-3.21851143284345,-3.23401178161073,54.6632869382726,54.6722692685126,54.6722692685126,54.6632869382726,54.6632869382726
"5064","Home Hut Lords Rownhams",393772,-1.4391103209691,-1.4391103209691,-1.42487842070399,-1.42487842070399,-1.4391103209691,50.9465902147539,50.9555783266561,50.9555783266561,50.9465902147539,50.9465902147539
"5065","Home Hut Lords Rownhams",394814,-1.42487659805217,-1.42487659805217,-1.41064471892117,-1.41064471892117,-1.42487659805217,50.9465210216886,50.9555091337001,50.9555091337001,50.9465210216886,50.9465210216886
"5066","Home Hut Lords Rownhams",395856,-1.41064293204959,-1.41064293204959,-1.39641107458241,-1.39641107458241,-1.41064293204959,50.9464500940288,50.9554382061523,50.9554382061523,50.9464500940288,50.9464500940288
"5070","Home Hut Lords Rownhams",395855,-1.41052925508027,-1.41052925508027,-1.39629465048507,-1.39629465048507,-1.41052925508027,50.955441931061,50.9644300289912,50.9644300289912,50.955441931061,50.955441931061
"5083","Brighstone Shalcombe Down",395888,-1.41425001340963,-1.41425001340963,-1.40010532495921,-1.40010532495921,-1.41425001340963,50.6587038487869,50.6676924155335,50.6676924155335,50.6587038487869,50.6587038487869
"5084","Brighstone Shalcombe Down",396930,-1.40010354733124,-1.40010354733124,-1.38595888049135,-1.38595888049135,-1.40010354733124,50.6586319231287,50.6676204899891,50.6676204899891,50.6586319231287,50.6586319231287
"5085","Brighstone Shalcombe Down",397972,-1.38595713971533,-1.38595713971533,-1.37181249500178,-1.37181249500178,-1.38595713971533,50.6585582804894,50.6675468474662,50.6675468474662,50.6585582804894,50.6585582804894
"5086","Brighstone Shalcombe Down",399014,-1.37181079194067,-1.37181079194067,-1.35766616986921,-1.35766616986921,-1.37181079194067,50.6584829208861,50.6674714879821,50.6674714879821,50.6584829208861,50.6584829208861
"5088","Brighstone Shalcombe Down",395887,-1.41413818346775,-1.41413818346775,-1.39999079252717,-1.39999079252717,-1.41413818346775,50.6676961380898,50.6766846906168,50.6766846906168,50.6676961380898,50.6676961380898
"5089","Brighstone Shalcombe Down",396929,-1.39998901574377,-1.39998901574377,-1.38584164643168,-1.38584164643168,-1.39998901574377,50.6676241895494,50.6766127421901,50.6766127421901,50.6676241895494,50.6676241895494
"5090","Brighstone Shalcombe Down",397971,-1.38583990652138,-1.38583990652138,-1.37169255935399,-1.37169255935399,-1.38583990652138,50.6675505234817,50.6765390762389,50.6765390762389,50.6675505234817,50.6675505234817
"5091","Brighstone Shalcombe Down",399013,-1.37169085718024,-1.37169085718024,-1.35754353267376,-1.35754353267376,-1.37169085718024,50.6674751399039,50.6764636927803,50.6764636927803,50.6674751399039,50.6674751399039
"5163","Wareham Main Block",342742,-2.13586901398689,-2.13586901398689,-2.12171308788009,-2.12171308788009,-2.13586901398689,50.6960659112083,50.7050544188789,50.7050544188789,50.6960659112083,50.6960659112083
"5164","Wareham Main Block",343784,-2.12171057718286,-2.12171057718286,-2.10755464635678,-2.10755464635678,-2.12171057718286,50.696081584783,50.7050700924288,50.7050700924288,50.696081584783,50.696081584783
"5167","Wareham Main Block",343783,-2.12173390660253,-2.12173390660253,-2.10757526740632,-2.10757526740632,-2.12173390660253,50.7050742658193,50.7140627592482,50.7140627592482,50.7050742658193,50.7050742658193
"5233","Affpuddle & Moreton Plantation",333364,-2.26329418085026,-2.26329418085026,-2.24913832051459,-2.24913832051459,-2.26329418085026,50.6958474718391,50.7048359798551,50.7048359798551,50.6958474718391,50.6958474718391
"5643","Selhurst & Eartham",450047,-0.672396835086443,-0.672396835086443,-0.658186013411927,-0.658186013411927,-0.672396835086443,50.8774424083455,50.8864306294222,50.8864306294222,50.8774424083455,50.8774424083455
"5644","Selhurst & Eartham",451089,-0.658187361321224,-0.658187361321224,-0.643976589073355,-0.643976589073355,-0.658187361321224,50.8772799435724,50.8862681649057,50.8862681649057,50.8772799435724,50.8772799435724
"5645","Selhurst & Eartham",452131,-0.643978019844244,-0.643978019844244,-0.629767297548648,-0.629767297548648,-0.643978019844244,50.8771157495348,50.8861039711274,50.8861039711274,50.8771157495348,50.8771157495348
"5646","Selhurst & Eartham",450046,-0.672141345761529,-0.672141345761529,-0.657927788342969,-0.657927788342969,-0.672141345761529,50.8864324121418,50.8954206190219,50.8954206190219,50.8864324121418,50.8864324121418
"5647","Selhurst & Eartham",451088,-0.657929138909743,-0.657929138909743,-0.643715630958999,-0.643715630958999,-0.657929138909743,50.8862698956157,50.8952581027524,50.8952581027524,50.8862698956157,50.8862698956157
"5648","Selhurst & Eartham",452130,-0.64371706443519,-0.64371706443519,-0.629503606478326,-0.629503606478326,-0.64371706443519,50.8861056492745,50.8950938566706,50.8950938566706,50.8861056492745,50.8861056492745
"5649","Selhurst & Eartham",445877,-0.728746787456638,-0.728746787456638,-0.714530300121126,-0.714530300121126,-0.728746787456638,50.8960553698593,50.9050435615441,50.9050435615441,50.8960553698593,50.8960553698593
"5650","Selhurst & Eartham",446919,-0.714531330262852,-0.714531330262852,-0.700314890330093,-0.700314890330093,-0.714531330262852,50.8958997233979,50.9048879153284,50.9048879153284,50.8958997233979,50.8958997233979
"5651","Selhurst & Eartham",447961,-0.700315999931314,-0.700315999931314,-0.686099607927913,-0.686099607927913,-0.700315999931314,50.8957423464217,50.9047305386008,50.9047305386008,50.8957423464217,50.8957423464217
"5652","Selhurst & Eartham",449003,-0.686100797863159,-0.686100797863159,-0.671884454315698,-0.671884454315698,-0.686100797863159,50.8955832389674,50.9045714313977,50.9045714313977,50.8955832389674,50.8955832389674
"5653","Selhurst & Eartham",450045,-0.671885725459443,-0.671885725459443,-0.657669430894476,-0.657669430894476,-0.671885725459443,50.895422401072,50.9044105937563,50.9044105937563,50.895422401072,50.895422401072
"5654","Selhurst & Eartham",451087,-0.657670784121139,-0.657670784121139,-0.643454539065197,-0.643454539065197,-0.657670784121139,50.895259832773,50.904248025714,50.904248025714,50.895259832773,50.895259832773
"5655","Selhurst & Eartham",452129,-0.643455975249142,-0.643455975249142,-0.629239780228726,-0.629239780228726,-0.643455975249142,50.8950955341082,50.9040837273086,50.9040837273086,50.8950955341082,50.8950955341082
"5656","Selhurst & Eartham",446918,-0.714283787083222,-0.714283787083222,-0.700064608479637,-0.700064608479637,-0.714283787083222,50.9048898495349,50.9138780272703,50.9138780272703,50.9048898495349,50.9048898495349
"5657","Selhurst & Eartham",447960,-0.700065720602451,-0.700065720602451,-0.685846589968157,-0.685846589968157,-0.700065720602451,50.9047324224188,50.9137206004028,50.9137206004028,50.9047324224188,50.9047324224188
"5658","Selhurst & Eartham",449002,-0.685847782471395,-0.685847782471395,-0.671628700333411,-0.671628700333411,-0.685847782471395,50.9045732642736,50.9135614425089,50.9135614425089,50.9045732642736,50.9045732642736
"5659","Selhurst & Eartham",450044,-0.671629974092051,-0.671629974092051,-0.657410940977372,-0.657410940977372,-0.671629974092051,50.9044123751364,50.9134005536257,50.9134005536257,50.9044123751364,50.9044123751364
"5660","Selhurst & Eartham",451086,-0.657412296866336,-0.657412296866336,-0.643193313301928,-0.643193313301928,-0.657412296866336,50.9042497550446,50.9132379337907,50.9132379337907,50.9042497550446,50.9042497550446
"5663","Houghton",455256,-0.601081649273199,-0.601081649273199,-0.5868683444541,-0.5868683444541,-0.601081649273199,50.8856025317445,50.8945907399351,50.8945907399351,50.8856025317445,50.8856025317445
"5664","Houghton",456298,-0.586870118305434,-0.586870118305434,-0.572656865584208,-0.572656865584208,-0.586870118305434,50.8854313665292,50.89441957499,50.89441957499,50.8854313665292,50.8854313665292
"5665","Houghton",454213,-0.615026760507226,-0.615026760507226,-0.600810667137265,-0.600810667137265,-0.615026760507226,50.8947617458346,50.9037499395621,50.9037499395621,50.8947617458346,50.8947617458346
"5666","Houghton",455255,-0.600812357438677,-0.600812357438677,-0.586596315683592,-0.586596315683592,-0.600812357438677,50.8945922563036,50.9035804502986,50.9035804502986,50.8945922563036,50.8945922563036
"5667","Houghton",456297,-0.586598092439174,-0.586598092439174,-0.57238210282536,-0.57238210282536,-0.586598092439174,50.8944210365621,50.9034092308276,50.9034092308276,50.8944210365621,50.8944210365621
"5668","West Woods & Collingbourne",379149,-1.63592554182217,-1.63592554182217,-1.62159639792507,-1.62159639792507,-1.63592554182217,51.2620930854109,51.2710806998047,51.2710806998047,51.2620930854109,51.2620930854109
"5669","West Woods & Collingbourne",380191,-1.6215941876693,-1.6215941876693,-1.60726505789614,-1.60726505789614,-1.6215941876693,51.2620476737898,51.2710352882552,51.2710352882552,51.2620476737898,51.2620476737898
"5670","West Woods & Collingbourne",381233,-1.60726287159664,-1.60726287159664,-1.59293375649298,-1.59293375649298,-1.60726287159664,51.2620005079028,51.2709881224424,51.2709881224424,51.2620005079028,51.2620005079028
"5671","West Woods & Collingbourne",382275,-1.59293159504714,-1.59293159504714,-1.57860249515855,-1.57860249515855,-1.59293159504714,51.261951587761,51.2709392023777,51.2709392023777,51.261951587761,51.261951587761
"5672","West Woods & Collingbourne",379148,-1.63585454205173,-1.63585454205173,-1.62152260084415,-1.62152260084415,-1.63585454205173,51.2710847282133,51.2800723284438,51.2800723284438,51.2710847282133,51.2710847282133
"5673","West Woods & Collingbourne",380190,-1.62152039119891,-1.62152039119891,-1.6071884641271,-1.6071884641271,-1.62152039119891,51.2710393020804,51.2800269023824,51.2800269023824,51.2710393020804,51.2710393020804
"5674","West Woods & Collingbourne",381232,-1.60718627845222,-1.60718627845222,-1.5928543660622,-1.5928543660622,-1.60718627845222,51.270992121121,51.2799797214974,51.2799797214974,51.270992121121,51.270992121121
"5675","West Woods & Collingbourne",382274,-1.59285220525557,-1.59285220525557,-1.57852030809337,-1.57852030809337,-1.59285220525557,51.2709431853463,51.2799307857997,51.2799307857997,51.2709431853463,51.2709431853463
"5676","West Woods & Collingbourne",380189,-1.62144655662252,-1.62144655662252,-1.60711183080754,-1.60711183080754,-1.62144655662252,51.2800309163924,51.2890185025321,51.2890185025321,51.2800309163924,51.2800309163924
"5677","West Woods & Collingbourne",381231,-1.60710964575786,-1.60710964575786,-1.59277493463697,-1.59277493463697,-1.60710964575786,51.2799837203548,51.2889713065688,51.2889713065688,51.2799837203548,51.2799837203548
"5678","West Woods & Collingbourne",382273,-1.59277277447016,-1.59277277447016,-1.57843807858984,-1.57843807858984,-1.59277277447016,51.2799347689412,51.2889223552323,51.2889223552323,51.2799347689412,51.2799347689412
"5683","West Woods & Collingbourne",370801,-1.74999240749505,-1.74999240749505,-1.73562950602272,-1.73562950602272,-1.74999240749505,51.3702931686909,51.3792806127096,51.3792806127096,51.3702931686909,51.3702931686909
"5693","West Woods & Collingbourne",366630,-1.80734063506237,-1.80734063506237,-1.79296925084742,-1.79296925084742,-1.80734063506237,51.3973763255955,51.4063637269881,51.4063637269881,51.3973763255955,51.3973763255955
"6049","Bristol Woods",305146,-2.65615214472637,-2.65615214472637,-2.64176435144092,-2.64176435144092,-2.65615214472637,51.4496462717171,51.4586335908651,51.4586335908651,51.4496462717171,51.4496462717171
"6050","Bristol Woods",306188,-2.6417627545299,-2.6417627545299,-2.62737493619364,-2.62737493619364,-2.6417627545299,51.4497259487706,51.4587132677933,51.4587132677933,51.4497259487706,51.4497259487706
"6052","Bristol Woods",305145,-2.65628110840893,-2.65628110840893,-2.64189048760493,-2.64189048760493,-2.65628110840893,51.4586372155047,51.4676245205089,51.4676245205089,51.4586372155047,51.4586372155047
"6053","Bristol Woods",306187,-2.64188889166526,-2.64188889166526,-2.62749824578942,-2.62749824578942,-2.64188889166526,51.4587169180528,51.4677042229316,51.4677042229316,51.4587169180528,51.4587169180528
"6055","Bristol Woods",305144,-2.65641013890515,-2.65641013890515,-2.64201668911755,-2.64201668911755,-2.65641013890515,51.4676281451814,51.4766154360426,51.4766154360426,51.4676281451814,51.4676281451814
"6056","Bristol Woods",306186,-2.64201509415013,-2.64201509415013,-2.62762161926964,-2.62762161926964,-2.64201509415013,51.467707873234,51.4766951639698,51.4766951639698,51.467707873234,51.467707873234
"6057","Bristol Woods",305143,-2.65653923626072,-2.65653923626072,-2.64214295602347,-2.64214295602347,-2.65653923626072,51.476619060748,51.4856063374672,51.4856063374672,51.476619060748,51.476619060748
"6178","Sefton and Wirral",277836,-3.0769883495004,-3.0769883495004,-3.06194872538168,-3.06194872538168,-3.0769883495004,53.4064524138959,53.4154366779959,53.4154366779959,53.4064524138959,53.4064524138959
"6179","Sefton and Wirral",278878,-3.06194892261914,-3.06194892261914,-3.04690925096729,-3.04690925096729,-3.06194892261914,53.4065871451052,53.4155714089965,53.4155714089965,53.4065871451052,53.4065871451052
"6180","Sefton and Wirral",276793,-3.09225793712323,-3.09225793712323,-3.07721518981142,-3.07721518981142,-3.09225793712323,53.415302694391,53.4242869447895,53.4242869447895,53.415302694391,53.415302694391
"6181","Sefton and Wirral",277835,-3.07721546322109,-3.07721546322109,-3.06217266766671,-3.06217266766671,-3.07721546322109,53.4154393638336,53.4244236140206,53.4244236140206,53.4154393638336,53.4154393638336
"6182","Sefton and Wirral",283036,-3.00390782040448,-3.00390782040448,-2.98883617197169,-2.98883617197169,-3.00390782040448,53.4969781255915,53.5059622495988,53.5059622495988,53.4969781255915,53.4969781255915
"6291","Belfield",341376,-2.16016929304508,-2.16016929304508,-2.14505779208974,-2.14505779208974,-2.16016929304508,53.608948281898,53.617932232792,53.617932232792,53.608948281898,53.608948281898
"6292","Belfield",342418,-2.14505545207387,-2.14505545207387,-2.12994394422418,-2.12994394422418,-2.14505545207387,53.6089675871504,53.6179515380146,53.6179515380146,53.6089675871504,53.6089675871504
"6294","Belfield",341375,-2.16020336904298,-2.16020336904298,-2.14508865732751,-2.14508865732751,-2.16020336904298,53.6179364804011,53.6269204174067,53.6269204174067,53.6179364804011,53.6179364804011
"6295","Belfield",342417,-2.14508631790026,-2.14508631790026,-2.12997159928446,-2.12997159928446,-2.14508631790026,53.6179557919561,53.6269397289319,53.6269397289319,53.6179557919561,53.6179557919561
"6296","Belfield",343459,-2.12996925007457,-2.12996925007457,-2.11485452524061,-2.11485452524061,-2.12996925007457,53.6179731943019,53.6269571312508,53.6269571312508,53.6179731943019,53.6179731943019
"6297","Belfield",342416,-2.14511720040975,-2.14511720040975,-2.12999926929192,-2.12999926929192,-2.14511720040975,53.6269439831603,53.635927906249,53.635927906249,53.6269439831603,53.6269439831603
"6752","Weston Common",426046,-0.992447617762838,-0.992447617762838,-0.978139183347312,-0.978139183347312,-0.992447617762838,51.1953796092981,51.2043673288036,51.2043673288036,51.1953796092981,51.1953796092981
"6806","Ashmore Wood",342716,-2.13655033339418,-2.13655033339418,-2.12232353737435,-2.12232353737435,-2.13655033339418,50.9298709493615,50.9388590876567,50.9388590876567,50.9298709493615,50.9298709493615
"6819","Shillingstone & Bryanston",334389,-2.24995014900243,-2.24995014900243,-2.23574804893853,-2.23574804893853,-2.24995014900243,50.8487511976812,50.8577394640713,50.8577394640713,50.8487511976812,50.8487511976812
"6820","Shillingstone & Bryanston",335431,-2.23574563505423,-2.23574563505423,-2.22154352600312,-2.22154352600312,-2.23574563505423,50.8487807868375,50.8577690531809,50.8577690531809,50.8487807868375,50.8487807868375
"6821","Shillingstone & Bryanston",334388,-2.24999826619585,-2.24999826619585,-2.23579343414991,-2.23579343414991,-2.24999826619585,50.8577435763216,50.8667318285088,50.8667318285088,50.8577435763216,50.8577435763216
"6822","Shillingstone & Bryanston",335430,-2.23579102074587,-2.23579102074587,-2.22158617970523,-2.22158617970523,-2.23579102074587,50.8577731749026,50.866761427043,50.866761427043,50.8577731749026,50.8577731749026
"6824","Shillingstone & Bryanston",337514,-2.20737646146933,-2.20737646146933,-2.19317160401587,-2.19317160401587,-2.20737646146933,50.8578271840078,50.8668154360629,50.8668154360629,50.8578271840078,50.8578271840078
"6828","Shillingstone & Bryanston",337513,-2.20741640457056,-2.20741640457056,-2.19320881371353,-2.19320881371353,-2.20741640457056,50.8668195752992,50.8758078131521,50.8758078131521,50.8668195752992,50.8668195752992
"6833","Shillingstone & Bryanston",336470,-2.2216691259773,-2.2216691259773,-2.20745880827228,-2.20745880827228,-2.2216691259773,50.8757857960904,50.8847740197832,50.8847740197832,50.8757857960904,50.8757857960904
"6834","Shillingstone & Bryanston",339596,-2.17903079242158,-2.17903079242158,-2.16482045242511,-2.16482045242511,-2.17903079242158,50.8758590742815,50.8848472978586,50.8848472978586,50.8758590742815,50.8758590742815
"6838","Shillingstone & Bryanston",336469,-2.22171184577273,-2.22171184577273,-2.2074987918672,-2.2074987918672,-2.22171184577273,50.8847781511101,50.8937663606024,50.8937663606024,50.8847781511101,50.8847781511101
"6839","Shillingstone & Bryanston",339595,-2.17906530497246,-2.17906530497246,-2.1648522287569,-2.1648522287569,-2.17906530497246,50.8848514526456,50.8938396620222,50.8938396620222,50.8848514526456,50.8848514526456
"6840","Shillingstone & Bryanston",340637,-2.16484975411247,-2.16484975411247,-2.15063667151393,-2.15063667151393,-2.16484975411247,50.8848724244438,50.8938606337872,50.8938606337872,50.8848724244438,50.8848724244438
"6914","Hare Warren",359374,-1.90863480901929,-1.90863480901929,-1.89436944526795,-1.89436944526795,-1.90863480901929,51.0558070667344,51.0647950062981,51.0647950062981,51.0558070667344,51.0558070667344
"6915","Hare Warren",360416,-1.89436694029527,-1.89436694029527,-1.8801015802293,-1.8801015802293,-1.89436694029527,51.0557950761204,51.064783015703,51.064783015703,51.0557950761204,51.0557950761204
"6916","Hare Warren",361458,-1.88009908206689,-1.88009908206689,-1.86583372622157,-1.86583372622157,-1.88009908206689,51.0557813439417,51.064769283546,51.064769283546,51.0557813439417,51.0557813439417
"6917","Hare Warren",362500,-1.86583123575506,-1.86583123575506,-1.85156588466567,-1.85156588466567,-1.86583123575506,51.0557658702017,51.0647538098304,51.0647538098304,51.0557658702017,51.0557658702017
"6946","Charlton Forest",446918,-0.714283787083222,-0.714283787083222,-0.700064608479637,-0.700064608479637,-0.714283787083222,50.9048898495349,50.9138780272703,50.9138780272703,50.9048898495349,50.9048898495349
"6947","Charlton Forest",447960,-0.700065720602451,-0.700065720602451,-0.685846589968157,-0.685846589968157,-0.700065720602451,50.9047324224188,50.9137206004028,50.9137206004028,50.9047324224188,50.9047324224188
"6948","Charlton Forest",449002,-0.685847782471395,-0.685847782471395,-0.671628700333411,-0.671628700333411,-0.685847782471395,50.9045732642736,50.9135614425089,50.9135614425089,50.9045732642736,50.9045732642736
"6949","Charlton Forest",445875,-0.72825704802125,-0.72825704802125,-0.714035081860693,-0.714035081860693,-0.72825704802125,50.914035706523,50.9230238698181,50.9230238698181,50.914035706523,50.914035706523
"6950","Charlton Forest",446917,-0.714036116956061,-0.714036116956061,-0.699814198277283,-0.699814198277283,-0.714036116956061,50.9138799608647,50.9228681244058,50.9228681244058,50.9138799608647,50.9138799608647
"6951","Charlton Forest",447959,-0.69981531292398,-0.69981531292398,-0.685593442254464,-0.685593442254464,-0.69981531292398,50.9137224835895,50.9227106473792,50.9227106473792,50.9137224835895,50.9137224835895
"6952","Charlton Forest",449001,-0.685594637328025,-0.685594637328025,-0.67137281519523,-0.67137281519523,-0.685594637328025,50.913563274734,50.9225514387751,50.9225514387751,50.913563274734,50.913563274734
"6953","Charlton Forest",441706,-0.784907913425766,-0.784907913425766,-0.770683020939465,-0.770683020939465,-0.784907913425766,50.9236317114098,50.9326198595549,50.9326198595549,50.9236317114098,50.9236317114098
"6954","Charlton Forest",442748,-0.770683748887283,-0.770683748887283,-0.756458901810391,-0.756458901810391,-0.770683748887283,50.9234828451572,50.9324709935373,50.9324709935373,50.9234828451572,50.9234828451572
"6955","Charlton Forest",443790,-0.756459705850819,-0.756459705850819,-0.742234904711357,-0.742234904711357,-0.756459705850819,50.9233322465934,50.9323203952112,50.9323203952112,50.9233322465934,50.9233322465934
"6956","Charlton Forest",444832,-0.742235785720648,-0.742235785720648,-0.728011031046614,-0.728011031046614,-0.742235785720648,50.9231799157534,50.9321680646118,50.9321680646118,50.9231799157534,50.9231799157534
"6957","Charlton Forest",445874,-0.728011989900967,-0.728011989900967,-0.713787282220335,-0.713787282220335,-0.728011989900967,50.9230258526729,50.9320140017745,50.9320140017745,50.9230258526729,50.9230258526729
"6958","Charlton Forest",446916,-0.713788319795901,-0.713788319795901,-0.699563659636617,-0.699563659636617,-0.713788319795901,50.9228700573877,50.9318582067352,50.9318582067352,50.9228700573877,50.9228700573877
"6959","Charlton Forest",447958,-0.699564776809489,-0.699564776809489,-0.685340164699477,-0.685340164699477,-0.699564776809489,50.9227125299341,50.9317006795304,50.9317006795304,50.9227125299341,50.9227125299341
"6960","Charlton Forest",449000,-0.685341362345696,-0.685341362345696,-0.671116798812853,-0.671116798812853,-0.685341362345696,50.9225532703489,50.9315414201965,50.9315414201965,50.9225532703489,50.9225532703489
"6961","Charlton Forest",450042,-0.671118077808406,-0.671118077808406,-0.656893563380603,-0.656893563380603,-0.671118077808406,50.9223922786691,50.9313804287709,50.9313804287709,50.9223922786691,50.9223922786691
"6962","Charlton Forest",441705,-0.784673692204043,-0.784673692204043,-0.770446056637337,-0.770446056637337,-0.784673692204043,50.9326220358396,50.9416101697918,50.9416101697918,50.9326220358396,50.9326220358396
"6963","Charlton Forest",442747,-0.770446786888577,-0.770446786888577,-0.756219196769128,-0.756219196769128,-0.770446786888577,50.9324731221477,50.941461256335,50.941461256335,50.9324731221477,50.9324731221477
"6964","Charlton Forest",443789,-0.756220003156977,-0.756220003156977,-0.741992459013248,-0.741992459013248,-0.756220003156977,50.9323224755929,50.941310610018,50.941310610018,50.9323224755929,50.9323224755929
"6965","Charlton Forest",444831,-0.741993342414464,-0.741993342414464,-0.727765844774891,-0.727765844774891,-0.741993342414464,50.9321700962103,50.9411582308759,50.9411582308759,50.9321700962103,50.9321700962103
"6966","Charlton Forest",445873,-0.72776680606618,-0.72776680606618,-0.713539355459176,-0.713539355459176,-0.72776680606618,50.9320159840354,50.9410041189443,50.9410041189443,50.9320159840354,50.9320159840354
"6967","Charlton Forest",446915,-0.713540395517191,-0.713540395517191,-0.699312992471144,-0.699312992471144,-0.713540395517191,50.9318601391042,50.9408482742591,50.9408482742591,50.9318601391042,50.9318601391042
"6968","Charlton Forest",447957,-0.699314112172486,-0.699314112172486,-0.685086757215758,-0.685086757215758,-0.699314112172486,50.931702561453,50.9406906968567,50.9406906968567,50.931702561453,50.931702561453
"6969","Charlton Forest",448999,-0.685087957436972,-0.685087957436972,-0.670860651097899,-0.670860651097899,-0.685087957436972,50.9315432511185,50.9405313867737,50.9405313867737,50.9315432511185,50.9315432511185
"6970","Charlton Forest",444830,-0.741750774714157,-0.741750774714157,-0.727520532701764,-0.727520532701764,-0.741750774714157,50.941160261899,50.9501483823726,50.9501483823726,50.941160261899,50.941160261899
"6971","Charlton Forest",445872,-0.727521496432204,-0.727521496432204,-0.713291301491585,-0.713291301491585,-0.727521496432204,50.9410061006109,50.9499942213279,50.9499942213279,50.9410061006109,50.9410061006109
"6972","Marden Block",434417,-0.885553864636722,-0.885553864636722,-0.871342364654943,-0.871342364654943,-0.885553864636722,50.8796718434371,50.8886600609931,50.8886600609931,50.8796718434371,50.8796718434371
"6973","Marden Block",435459,-0.87134257447338,-0.87134257447338,-0.857131116030851,-0.857131116030851,-0.87134257447338,50.8795353219447,50.8885235397163,50.8885235397163,50.8795353219447,50.8795353219447
"6974","Marden Block",436501,-0.857131395604946,-0.857131395604946,-0.842919979227657,-0.842919979227657,-0.857131395604946,50.8793970706628,50.8883852886527,50.8883852886527,50.8793970706628,50.8793970706628
"6975","Marden Block",437543,-0.842920329431491,-0.842920329431491,-0.828708955645411,-0.828708955645411,-0.842920329431491,50.8792570896236,50.8882453078345,50.8882453078345,50.8792570896236,50.8792570896236
"6976","Marden Block",434416,-0.885339381650043,-0.885339381650043,-0.871125145359203,-0.871125145359203,-0.885339381650043,50.8886625574569,50.8976507608153,50.8976507608153,50.8886625574569,50.8886625574569
"6977","Marden Block",435458,-0.871125357178089,-0.871125357178089,-0.856911162461101,-0.856911162461101,-0.871125357178089,50.8885259924712,50.8975141960453,50.8975141960453,50.8885259924712,50.8885259924712
"6978","Marden Block",436500,-0.856911444075926,-0.856911444075926,-0.84269729145922,-0.84269729145922,-0.856911444075926,50.8883876971453,50.8973759009377,50.8973759009377,50.8883876971453,50.8883876971453
"6979","Marden Block",437542,-0.842697643744568,-0.842697643744568,-0.82848353375455,-0.82848353375455,-0.842697643744568,50.8882476715112,50.8972358755248,50.8972358755248,50.8882476715112,50.8882476715112
"6980","Marden Block",438584,-0.828483957584957,-0.828483957584957,-0.814269890748011,-0.814269890748011,-0.828483957584957,50.8881059156018,50.8970941198392,50.8970941198392,50.8881059156018,50.8881059156018
"6981","Marden Block",435457,-0.870908028513114,-0.870908028513114,-0.856691096118798,-0.856691096118798,-0.870908028513114,50.8975166483871,50.9065048377645,50.9065048377645,50.8975166483871,50.8975166483871
"6982","Marden Block",436499,-0.856691379776209,-0.856691379776209,-0.84247448951725,-0.84247448951725,-0.856691379776209,50.8973783090003,50.9063664985961,50.9063664985961,50.8973783090003,50.8973783090003
"6983","Marden Block",437541,-0.842474843886004,-0.842474843886004,-0.828257996289246,-0.828257996289246,-0.842474843886004,50.8972382387543,50.9062264285713,50.9062264285713,50.8972382387543,50.8972382387543
"6984","Marden Block",438583,-0.828258422244384,-0.828258422244384,-0.814041617836649,-0.814041617836649,-0.828258422244384,50.897096437682,50.9060846277229,50.9060846277229,50.897096437682,50.897096437682
"6985","Marden Block",435456,-0.870690588403502,-0.870690588403502,-0.856470916928044,-0.856470916928044,-0.870690588403502,50.9065072896929,50.9154954648744,50.9154954648744,50.9065072896929,50.9065072896929
"6986","Marden Block",436498,-0.8564712026299,-0.8564712026299,-0.842251573324907,-0.842251573324907,-0.8564712026299,50.9063689062282,50.9153570816282,50.9153570816282,50.9063689062282,50.9063689062282
"6987","Marden Block",437540,-0.842251929778964,-0.842251929778964,-0.828032343171718,-0.828032343171718,-0.842251929778964,50.9062287913533,50.9152169669745,50.9152169669745,50.9062287913533,50.9062287913533
"6988","Marden Block",438582,-0.828032771253521,-0.828032771253521,-0.813813227871284,-0.813813227871284,-0.828032771253521,50.9060869451007,50.9150751209459,50.9150751209459,50.9060869451007,50.9060869451007
"6989","Marden Block",436497,-0.856250912561033,-0.856250912561033,-0.842028542805279,-0.842028542805279,-0.856250912561033,50.9153594888296,50.9243476500347,50.9243476500347,50.9153594888296,50.9153594888296
"6990","Marden Block",437539,-0.842028901346537,-0.842028901346537,-0.827806574324112,-0.827806574324112,-0.842028901346537,50.9152193293085,50.9242074907349,50.9242074907349,50.9152193293085,50.9152193293085
"6991","Marden Block",438581,-0.827807004534514,-0.827807004534514,-0.813584720773118,-0.813584720773118,-0.827807004534514,50.9150774378584,50.9240655995089,50.9240655995089,50.9150774378584,50.9150774378584
"7028","Thames Chase",513537,0.225034863554038,0.225034863554038,0.239442077927617,0.239442077927617,0.225034863554038,51.5113074801845,51.5202947023499,51.5202947023499,51.5113074801845,51.5113074801845
"7029","Thames Chase",514579,0.239433596918893,0.239433596918893,0.253840724810404,0.253840724810404,0.239433596918893,51.5110333896852,51.5200206122815,51.5200206122815,51.5110333896852,51.5110333896852
"7030","Thames Chase",510410,0.182266777594912,0.182266777594912,0.196677083924916,0.196677083924916,0.182266777594912,51.5211040665152,51.5300912732761,51.5300912732761,51.5211040665152,51.5211040665152
"7031","Thames Chase",511452,0.196669016295104,0.196669016295104,0.211079237739794,0.211079237739794,0.196669016295104,51.5208351891292,51.5298223963129,51.5298223963129,51.5208351891292,51.5208351891292
"7032","Thames Chase",513536,0.225472819986983,0.225472819986983,0.239882869991555,0.239882869991555,0.225472819986983,51.5202921334256,51.5292793414632,51.5292793414632,51.5202921334256,51.5202921334256
"7034","Thames Chase",510409,0.182696469616466,0.182696469616466,0.197109613261957,0.197109613261957,0.182696469616466,51.5300889630218,51.5390761556555,51.5390761556555,51.5300889630218,51.5300889630218
"7035","Thames Chase",511451,0.197101538943423,0.197101538943423,0.211514597632285,0.211514597632285,0.197101538943423,51.5298199996052,51.5388071926618,51.5388071926618,51.5298199996052,51.5298199996052
"7036","Thames Chase",512493,0.211506384035184,0.211506384035184,0.225919357210438,0.225919357210438,0.211506384035184,51.5295492686255,51.5385364621078,51.5385364621078,51.5295492686255,51.5295492686255
"7058","Thames Chase",526054,0.391691877961137,0.391691877961137,0.406061299557752,0.406061299557752,0.391691877961137,51.3911139665407,51.4001013777889,51.4001013777889,51.3911139665407,51.3911139665407
